<?xml version="1.0" encoding="utf-8"?>
<!--
  ~ Copyright (C) 2017 The Android Open Source Project
  ~
  ~ Licensed under the Apache License, Version 2.0 (the "License");
  ~ you may not use this file except in compliance with the License.
  ~ You may obtain a copy of the License at
  ~
  ~      http://www.apache.org/licenses/LICENSE-2.0
  ~
  ~ Unless required by applicable law or agreed to in writing, software
  ~ distributed under the License is distributed on an "AS IS" BASIS,
  ~ WITHOUT WARRANTIES OR CONDITIONS OF ANY KIND, either express or implied.
  ~ See the License for the specific language governing permissions and
  ~ limitations under the License
  -->

<permissions>
    <privapp-permissions package="com.android.apps.tag">
        <permission name="android.permission.WRITE_SECURE_SETTINGS"/>
    </privapp-permissions>

    <privapp-permissions package="com.android.dialer">
        <permission name="android.permission.STATUS_BAR"/>
    </privapp-permissions>

    <privapp-permissions package="com.android.systemui">
        <permission name="android.permission.WRITE_EMBEDDED_SUBSCRIPTIONS"/>
    </privapp-permissions>

    <privapp-permissions package="com.google.android.grilservice">
        <permission name="android.permission.INTERACT_ACROSS_USERS"/>
    </privapp-permissions>

    <privapp-permissions package="com.qualcomm.ltebc">
        <permission name="android.permission.SEND_EMBMS_INTENTS"/>
    </privapp-permissions>

    <privapp-permissions package="com.qualcomm.qcrilmsgtunnel">
        <permission name="android.permission.INTERACT_ACROSS_USERS"/>
    </privapp-permissions>

    <privapp-permissions package="com.quicinc.cne.CNEService">
        <permission name="android.permission.PACKET_KEEPALIVE_OFFLOAD"/>
    </privapp-permissions>

    <privapp-permissions package="com.quicinc.cne.CNEService">
      <permission name="android.permission.INTERACT_ACROSS_USERS"/>
    </privapp-permissions>
</permissions>
